casa,casa
hogar,casa
grande,grande
grande,grande
enorme,enorme
voluminoso,voluminoso
sol,sole
luna,luna
agua,acqua
fuego,fuoco
tierra,terra
aire,aria
viento,vento
lluvia,pioggia
nieve,neve
cielo,cielo
mar,mare
lago,lago
río,fiume
montaña,montagna
bosque,foresta
árbol,albero
flor,fiore
animal,animale
perro,cane
gato,gatto
pájaro,uccello
pez,pesce
caballo,cavallo
comida,cibo
pan,pane
leche,latte
café,caffè
té,tè
manzana,mela
libro,libro
mesa,tavolo
silla,sedia
puerta,porta
ventana,finestra
coche,auto
bicicleta,bicicletta
carretera,strada
ciudad,città
amigo,amico
familia,famiglia
niño,bambino
amor,amore
feliz,felice
rápido,veloce
hermoso,bello
océano,oceano
automóvil,automobile
chico,ragazzo
ágil,agile
precioso,splendido
inmenso,immenso
alegre,allegro
compañero,compagno
bonito,carino
veloz,rapido
