hus,house
hem, home
stor, big
stor, large
stor, huge
stor, volymous
sol,sun
måne,moon
vatten,water
eld,fire
jord,earth
luft,air
vind,wind
regn,rain
snö,snow
himmel,sky
hav,sea
sjö,lake
flod,river
berg,mountain
skog,forest
träd,tree
blomma,flower
djur,animal
hund,dog
katt,cat
fågel,bird
fisk,fish
häst,horse
mat,food
bröd,bread
mjölk,milk
kaffe,coffee
te,tea
äpple,apple
bok,book
bord,table
stol,chair
dörr,door
fönster,window
bil,car
cykel,bicycle
väg,road
stad,city
vän,friend
familj,family
barn,child
kärlek,love
glad,happy
snabb,fast
vacker,beautiful
hav,ocean
bil,automobile
barn,kid
snabb,quick
vacker,gorgeous
stor,immense
glad,cheerful
vän,pal
vacker,lovely
snabb,rapid
