hus,casa
hem,hogar
stor,grande
stor,grande
stor,enorme
stor,voluminoso
sol,sol
måne,luna
vatten,agua
eld,fuego
jord,tierra
luft,aire
vind,viento
regn,lluvia
snö,nieve
himmel,cielo
hav,mar
sjö,lago
flod,río
berg,montaña
skog,bosque
träd,árbol
blomma,flor
djur,animal
hund,perro
katt,gato
fågel,pájaro
fisk,pez
häst,caballo
mat,comida
bröd,pan
mjölk,leche
kaffe,café
te,té
äpple,manzana
bok,libro
bord,mesa
stol,silla
dörr,puerta
fönster,ventana
bil,coche
cykel,bicicleta
väg,carretera
stad,ciudad
vän,amigo
familj,familia
barn,niño
kärlek,amor
glad,feliz
snabb,rápido
vacker,hermoso
hav,océano
bil,automóvil
barn,chico
snabb,ágil
vacker,precioso
stor,inmenso
glad,alegre
vän,compañero
vacker,bonito
snabb,veloz
